{
    "epoch": [
        0,
        1,
        2,
        3,
        4,
        5,
        6,
        7,
        8,
        9,
        10,
        11,
        12,
        13,
        14,
        15,
        16,
        17,
        18,
        19,
        20,
        21,
        22,
        23,
        24,
        25,
        26,
        27,
        28,
        29,
        30,
        31,
        32,
        33,
        34,
        35,
        36,
        37,
        38,
        39,
        40,
        41,
        42,
        43,
        44,
        45,
        46,
        47,
        48,
        49,
        50,
        51,
        52,
        53,
        54
    ],
    "tr_loss": [
        0.9149635705428246,
        0.06483123456929629,
        0.04908934121971929,
        0.04233479590220002,
        0.03804173232516744,
        0.034763304475735834,
        0.03204110408058533,
        0.02939050178974867,
        0.026967621452751615,
        0.024655115070851732,
        0.02264477391198496,
        0.020724302005950674,
        0.018964688344807416,
        0.017391691344275033,
        0.01590019124884145,
        0.014745942010772806,
        0.013483519884228926,
        0.01247074989509861,
        0.011604556998906609,
        0.010742019273037084,
        0.010112845215642818,
        0.009390966871654404,
        0.008844500439558792,
        0.008255639241841167,
        0.007725483537890399,
        0.00732860525224815,
        0.007060688543781611,
        0.006626735995318945,
        0.0062662487974963505,
        0.005865479084738145,
        0.005652466266724748,
        0.005330157046839117,
        0.005164207246081201,
        0.004944999998003831,
        0.004683835190147734,
        0.004544288780959835,
        0.004385305935092229,
        0.004145865337245146,
        0.003946512917077149,
        0.003729520051103877,
        0.0036426608862428697,
        0.003531361162711972,
        0.003397467273036734,
        0.0032617821594386363,
        0.0032252809101026574,
        0.0030261610241030298,
        0.002962433694027733,
        0.002826903230082517,
        0.0027713929301924362,
        0.0026524142996918057,
        0.002584593682276979,
        0.002509791712424182,
        0.002422697870265488,
        0.0023401747338282755,
        0.0023679447548712123
    ],
    "val_loss": [
        0.06324569058829341,
        0.04511240766993884,
        0.03845673015919225,
        0.03450299895786006,
        0.03136219912818793,
        0.02895683763099128,
        0.02643209130599581,
        0.02455327704805752,
        0.021597941791446043,
        0.019795383487282128,
        0.01808620501181175,
        0.016259569257240872,
        0.015190625113659892,
        0.013828059321205163,
        0.012562938098763597,
        0.011973053939512064,
        0.010951465019827774,
        0.009966323312757343,
        0.00978562883743695,
        0.008889272327310052,
        0.008226512979459146,
        0.008484514671024578,
        0.007375529694274582,
        0.0072094000040971,
        0.008103077998384833,
        0.006868061505193855,
        0.0066928909609800784,
        0.007134106050341807,
        0.006371612251126047,
        0.006185226840898395,
        0.005980936826431546,
        0.0061257840615922005,
        0.005698897996275076,
        0.0051120442402516975,
        0.0055140280526067165,
        0.00463449044137037,
        0.004729378153569996,
        0.005738374319505589,
        0.0051755362575681045,
        0.0049119165030725555,
        0.0050204403975432545,
        0.004354146937438254,
        0.0046023241974862995,
        0.004680157506613639,
        0.0048242483211777595,
        0.004013175345507675,
        0.004501399110424621,
        0.004486778644636145,
        0.004669473897906598,
        0.004925147513858974,
        0.004031475782916271,
        0.004366118831214784,
        0.003934522107211423,
        0.003972540499144715,
        0.004176238276754859
    ]
}